<?xml version="1.0" encoding="UTF-8"?>
<project-private xmlns="http://www.netbeans.org/ns/project-private/1">
    <editor-bookmarks xmlns="http://www.netbeans.org/ns/editor-bookmarks/2" lastBookmarkId="0"/>
    <open-files xmlns="http://www.netbeans.org/ns/projectui-open-files/2">
        <group name="Group 20170211-05:54:18">
            <file>file:/C:/Users/jacob/Desktop/School/Java/Java%202/Unit%205/DatabaseProjects/src/lookup/CreateUnpaidOrderTable.java</file>
            <file>file:/C:/Users/jacob/Desktop/School/Java/Java%202/Unit%205/DatabaseProjects/src/lookup/CreateCoffeeDB.java</file>
            <file>file:/C:/Users/jacob/Desktop/School/Java/Java%202/Unit%205/DatabaseProjects/src/lookup/lookup.java</file>
        </group>
    </open-files>
</project-private>
